[
{"id":"0","name":"小洲产业集聚区","wgs_lon":113.33106700000,"wgs_lat":23.06572100000,"SAMPLE_1":3},
{"id":"1","name":"广州站","wgs_lon":113.25181300000,"wgs_lat":23.15063300000,"SAMPLE_1":2},
{"id":"2","name":"广州东站","wgs_lon":113.31937600000,"wgs_lat":23.15087200000,"SAMPLE_1":13},
{"id":"3","name":"洲头咀公园","wgs_lon":113.24075800000,"wgs_lat":23.10397200000,"SAMPLE_1":4},
{"id":"4","name":"广州塔","wgs_lon":113.31926600000,"wgs_lat":23.10721100000,"SAMPLE_1":3},
{"id":"5","name":"珠江公园","wgs_lon":113.33315200000,"wgs_lat":23.12236600000,"SAMPLE_1":6},
{"id":"6","name":"二沙岛","wgs_lon":113.31359500000,"wgs_lat":23.11288000000,"SAMPLE_1":2},
{"id":"7","name":"麓湖公园","wgs_lon":113.27413600000,"wgs_lat":23.15639000000,"SAMPLE_1":30},
{"id":"8","name":"白鹅潭商务区","wgs_lon":113.22831400000,"wgs_lat":23.10327800000,"SAMPLE_1":5},
{"id":"9","name":"荔湾湖","wgs_lon":113.22727900000,"wgs_lat":23.12385600000,"SAMPLE_1":4},
{"id":"10","name":"广钢新城","wgs_lon":113.23307600000,"wgs_lat":23.06737300000,"SAMPLE_1":8},
{"id":"11","name":"保利中心","wgs_lon":113.31212500000,"wgs_lat":23.11744700000,"SAMPLE_1":6},
{"id":"12","name":"越秀公园","wgs_lon":113.25990600000,"wgs_lat":23.14371600000,"SAMPLE_1":7},
{"id":"13","name":"中山大学","wgs_lon":113.28993400000,"wgs_lat":23.09797100000,"SAMPLE_1":3},
{"id":"14","name":"海心沙","wgs_lon":113.31542217700,"wgs_lat":23.11416607000,"SAMPLE_1":2},
{"id":"15","name":"越秀金融大厦","wgs_lon":113.32200724200,"wgs_lat":23.12686144300,"SAMPLE_1":11},
{"id":"16","name":"天德广场","wgs_lon":113.32664811500,"wgs_lat":23.11603639800,"SAMPLE_1":3},
{"id":"17","name":"广州医科大学附属第一医院","wgs_lon":113.25659799000,"wgs_lat":23.11526029800,"SAMPLE_1":16},
{"id":"18","name":"广州呼吸健康研究院","wgs_lon":113.21660561500,"wgs_lat":23.13631103100,"SAMPLE_1":2},
{"id":"19","name":"生物岛","wgs_lon":113.36617136100,"wgs_lat":23.06280350700,"SAMPLE_1":0},
{"id":"20","name":"广州血液中心","wgs_lon":113.27849297700,"wgs_lat":23.14459724700,"SAMPLE_1":81},
{"id":"21","name":"广东省奥体","wgs_lon":113.40346344000,"wgs_lat":23.14056305800,"SAMPLE_1":5},
{"id":"22","name":"珠光金融城","wgs_lon":113.40693424700,"wgs_lat":23.10390614800,"SAMPLE_1":3},
{"id":"23","name":"天河体育馆","wgs_lon":113.31935785800,"wgs_lat":23.13814260400,"SAMPLE_1":0},
{"id":"24","name":"岑村起降基地","wgs_lon":113.36636386200,"wgs_lat":23.16979642500,"SAMPLE_1":15},
{"id":"25","name":"天河智慧城","wgs_lon":113.39860288500,"wgs_lat":23.17129174900,"SAMPLE_1":19},
{"id":"26","name":"凤凰山森林公园","wgs_lon":113.38556495900,"wgs_lat":23.21811839000,"SAMPLE_1":188},
{"id":"27","name":"广州越秀国际会议中心","wgs_lon":113.25455946300,"wgs_lat":23.14335379000,"SAMPLE_1":23},
{"id":"28","name":"黄花岗公园","wgs_lon":113.29096955100,"wgs_lat":23.14152846600,"SAMPLE_1":26},
{"id":"29","name":"广州动物园","wgs_lon":113.30155458200,"wgs_lat":23.13782171400,"SAMPLE_1":7},
{"id":"30","name":"烈士陵园","wgs_lon":113.27876614700,"wgs_lat":23.12890769500,"SAMPLE_1":3},
{"id":"31","name":"北京路","wgs_lon":113.26192136400,"wgs_lat":23.12769613700,"SAMPLE_1":6},
{"id":"32","name":"白天鹅宾馆","wgs_lon":113.23831962700,"wgs_lat":23.10815874100,"SAMPLE_1":4},
{"id":"33","name":"荔湾湖公园","wgs_lon":113.22529560400,"wgs_lat":23.12313212400,"SAMPLE_1":8},
{"id":"34","name":"陈家祠","wgs_lon":113.23808783300,"wgs_lat":23.12899556700,"SAMPLE_1":9},
{"id":"35","name":"增埗公园","wgs_lon":113.23309033000,"wgs_lat":23.15111526300,"SAMPLE_1":7},
{"id":"36","name":"坦尾西郊商贸中心","wgs_lon":113.21609603200,"wgs_lat":23.13220477000,"SAMPLE_1":0},
{"id":"37","name":"江南文商旅商圈","wgs_lon":113.24848183800,"wgs_lat":23.09201993300,"SAMPLE_1":10},
{"id":"38","name":"岭南V谷","wgs_lon":113.21997606100,"wgs_lat":23.05679621200,"SAMPLE_1":1},
{"id":"39","name":"沙河","wgs_lon":113.30732300500,"wgs_lat":23.14872087600,"SAMPLE_1":17},
{"id":"40","name":"龙溪科创组团","wgs_lon":113.19493774600,"wgs_lat":23.07485388200,"SAMPLE_1":2},
{"id":"41","name":"石围塘","wgs_lon":113.21105855200,"wgs_lat":23.10502691300,"SAMPLE_1":5},
{"id":"42","name":"石牌","wgs_lon":113.36567961000,"wgs_lat":23.14595088900,"SAMPLE_1":13},
{"id":"43","name":"天河公园","wgs_lon":113.35896641000,"wgs_lat":23.13337278400,"SAMPLE_1":21},
{"id":"44","name":"金融城","wgs_lon":113.37371709500,"wgs_lat":23.12196334000,"SAMPLE_1":1},
{"id":"45","name":"广州国际医药展贸中心","wgs_lon":113.25599023600,"wgs_lat":23.06285359100,"SAMPLE_1":0},
{"id":"46","name":"沙涌","wgs_lon":113.23748640000,"wgs_lat":23.08581613300,"SAMPLE_1":0},
{"id":"47","name":"临江带状公园","wgs_lon":113.34912594400,"wgs_lat":23.11221901700,"SAMPLE_1":2},
{"id":"48","name":"龙洞","wgs_lon":113.36639064600,"wgs_lat":23.19218979300,"SAMPLE_1":24},
{"id":"49","name":"天河东站","wgs_lon":113.40792939500,"wgs_lat":23.12985154900,"SAMPLE_1":17},
{"id":"50","name":"龙眼洞森林自然公园","wgs_lon":113.35880300000,"wgs_lat":23.20270336300,"SAMPLE_1":30},
{"id":"51","name":"聚龙湾","wgs_lon":113.24918433400,"wgs_lat":23.07620173000,"SAMPLE_1":8},
{"id":"52","name":"东洛围黄沙水产新市场","wgs_lon":113.26496807400,"wgs_lat":23.05690459900,"SAMPLE_1":3},
{"id":"53","name":"广东省中医芳村医院","wgs_lon":113.22200293700,"wgs_lat":23.09986125400,"SAMPLE_1":10},
{"id":"54","name":"白鹅潭万象城","wgs_lon":113.23027702700,"wgs_lat":23.10192064100,"SAMPLE_1":3}
]